model,impute_strategy,fit_time_mean,score_time_mean,test_f1_mean,test_f1_min,test_f1_max,test_f1_std,train_f1_mean,train_f1_min,train_f1_max,train_f1_std,test_balanced_accuracy_mean,test_balanced_accuracy_min,test_balanced_accuracy_max,test_balanced_accuracy_std,train_balanced_accuracy_mean,train_balanced_accuracy_min,train_balanced_accuracy_max,train_balanced_accuracy_std,test_roc_auc_mean,test_roc_auc_min,test_roc_auc_max,test_roc_auc_std,train_roc_auc_mean,train_roc_auc_min,train_roc_auc_max,train_roc_auc_std,test_accuracy_mean,test_accuracy_min,test_accuracy_max,test_accuracy_std,train_accuracy_mean,train_accuracy_min,train_accuracy_max,train_accuracy_std,test_recall_mean,test_recall_min,test_recall_max,test_recall_std,train_recall_mean,train_recall_min,train_recall_max,train_recall_std,test_precision_mean,test_precision_min,test_precision_max,test_precision_std,train_precision_mean,train_precision_min,train_precision_max,train_precision_std,fit_time_min,fit_time_max,fit_time_std,score_time_min,score_time_max,score_time_std,num_rows_dropped
"XGBClassifier(base_score=None, booster=None, callbacks=None,
              colsample_bylevel=None, colsample_bynode=None,
              colsample_bytree=None, early_stopping_rounds=None,
              enable_categorical=False, eval_metric=None, gamma=None,
              gpu_id=None, grow_policy=None, importance_type=None,
              interaction_constraints=None, learning_rate=None, max_bin=None,
              max_cat_to_onehot=None, max_delta_step=None, max_depth=None,
              max_leaves=None, min_child_weight=None, missing=nan,
              monotone_constraints=None, n_estimators=100, n_jobs=10,
              num_parallel_tree=None, predictor=None, random_state=7742,
              reg_alpha=None, reg_lambda=None, ...)",mean,8.49572126865387,0.024762296676635744,0.7369526228039247,0.6824324324324325,0.782608695652174,0.03245919621820924,0.995640926337298,0.9946587537091988,0.9976331360946745,0.0010136887200310296,0.8017276197158862,0.7663888817734972,0.8340305357490301,0.02100708549673626,0.9956886034949981,0.9946871310507674,0.9976387249114522,0.0009905208565917218,0.974236989014001,0.9667326975019283,0.9818250489281586,0.004999924237041512,0.999999221045039,0.9999972657360244,1.0,7.588898412038406e-07,0.9792648876443885,0.975940619401075,0.982078853046595,0.0021130978502464674,0.999581882948817,0.9994880254849536,0.9997724557710905,9.691532568772762e-05,0.6052572329168073,0.5343915343915344,0.6702127659574468,0.042076003259914105,0.9913801952759156,0.9893742621015348,0.9952774498229043,0.001979767693266169,0.9448740753219159,0.916030534351145,0.9814814814814815,0.02204021864145168,0.9999404052443385,0.9994040524433849,1.0,0.00017878426698452187,5.685203552246094,9.907172441482544,1.4798645753835347,0.015625953674316406,0.03568625450134277,0.007881426997404453,0
"XGBClassifier(base_score=None, booster=None, callbacks=None,
              colsample_bylevel=None, colsample_bynode=None,
              colsample_bytree=None, early_stopping_rounds=None,
              enable_categorical=False, eval_metric=None, gamma=None,
              gpu_id=None, grow_policy=None, importance_type=None,
              interaction_constraints=None, learning_rate=None, max_bin=None,
              max_cat_to_onehot=None, max_delta_step=None, max_depth=None,
              max_leaves=None, min_child_weight=None, missing=nan,
              monotone_constraints=None, n_estimators=100, n_jobs=10,
              num_parallel_tree=None, predictor=None, random_state=7742,
              reg_alpha=None, reg_lambda=None, ...)",median,10.429643702507018,0.0228071928024292,0.736887064727286,0.6819672131147541,0.7875000000000001,0.029082178183156976,0.9939393808902028,0.9916617033948779,0.9964454976303319,0.0014405669311479308,0.8012226371635128,0.773518504287735,0.8342994975564534,0.017917708889851742,0.9939779291213002,0.9917306556408743,0.9964580873671782,0.0014235751289716568,0.9752748597317051,0.9644340929119979,0.9817712951891664,0.005068013673081948,0.9999989925915228,0.9999975303422156,0.9999997530342215,7.163470522052666e-07,0.979264979383047,0.9751727668287689,0.9825908858166923,0.0020006535172074867,0.9994197552586324,0.9992035725460079,0.9996586836566358,0.0001371207672357702,0.6041934031295733,0.5502645502645502,0.6702127659574468,0.03571601731597534,0.9879558582426003,0.9834613112817484,0.9929161747343566,0.002847150257943332,0.9461843468996396,0.896551724137931,0.9910714285714286,0.02453337297900942,1.0,1.0,1.0,0.0,7.236293077468872,11.877903699874878,1.652962684106279,0.0075054168701171875,0.035687923431396484,0.00817181783937073,0
"LGBMClassifier(n_jobs=10, random_state=7742)",mean,1.6045698404312134,0.02395894527435303,0.7353925487652693,0.7066666666666666,0.7756410256410257,0.02033933790866881,0.9133656182646247,0.910025706940874,0.919108280254777,0.00264232533077284,0.7974803063083366,0.7787173955340895,0.8214050679271628,0.01387611357195861,0.9207677709136519,0.9181477333012888,0.9258701698080243,0.0022365090395167456,0.9737195483340757,0.9628446430819589,0.9800653519966122,0.004559099256277865,0.9996497013955515,0.999554113498241,0.9997703747472835,6.642503085928937e-05,0.97936725488184,0.9774763245456872,0.982078853046595,0.0012645649320243437,0.9923089165550987,0.9920357254600791,0.9927754707321236,0.0002159800589824064,0.596197793538219,0.5585106382978723,0.6436170212765957,0.027969401649040368,0.8415982959209078,0.8363851151801536,0.8518299881936245,0.004474386109521104,0.9611625820161753,0.9285714285714286,0.9907407407407407,0.017231703336863913,0.9985297500171179,0.9971910112359551,1.0,0.000855256494300991,0.5187990665435791,1.9464399814605713,0.4030887678286773,0.015622377395629883,0.03997659683227539,0.008626951844529884,0
"LGBMClassifier(n_jobs=10, random_state=7742)",median,0.9040608644485474,0.025838255882263184,0.7217745774835014,0.6872852233676976,0.7597402597402596,0.02333295551883756,0.9057558005779409,0.9009067357512953,0.91403004154682,0.003516033110608564,0.789695316598513,0.765554112578879,0.8107667700548224,0.014826522021168667,0.9146393094508849,0.910749448693902,0.9220032149299422,0.002963458192601039,0.9743849840281709,0.9646925220117512,0.9821202794162238,0.005175362067091558,0.9995993463455106,0.9994468848583447,0.999725653112569,8.668694603682187e-05,0.9784713285893961,0.9767025089605734,0.9810547875064004,0.0014621560797126658,0.9916860072708105,0.9912961856813721,0.9923488253029182,0.00028390233215026876,0.5807891478104243,0.5319148936170213,0.6223404255319149,0.029762428907730478,0.8293772328729101,0.8216184288245718,0.8441558441558441,0.005929779076071604,0.9550283884905738,0.926829268292683,0.975,0.018429816335437565,0.997657338130735,0.9964311206281228,0.9985835694050992,0.0007763909871515926,0.643223762512207,1.0625834465026855,0.1672731110215996,0.022005319595336914,0.03301882743835449,0.004385156342839905,0
"XGBClassifier(base_score=None, booster=None, callbacks=None,
              colsample_bylevel=None, colsample_bynode=None,
              colsample_bytree=None, early_stopping_rounds=None,
              enable_categorical=False, eval_metric=None, gamma=None,
              gpu_id=None, grow_policy=None, importance_type=None,
              interaction_constraints=None, learning_rate=None, max_bin=None,
              max_cat_to_onehot=None, max_delta_step=None, max_depth=None,
              max_leaves=None, min_child_weight=None, missing=nan,
              monotone_constraints=None, n_estimators=100, n_jobs=10,
              num_parallel_tree=None, predictor=None, random_state=7742,
              reg_alpha=None, reg_lambda=None, ...)",knn150,88.06123445034027,17.94694972038269,0.6592910638960191,0.6319444444444444,0.7016393442622951,0.020441233946551708,0.9870125671677563,0.9807460890493381,0.9919666765843498,0.003235998718170339,0.7553248264432078,0.7396648935110474,0.7832296590479897,0.012996723943967151,0.9872166225414085,0.9811097992916175,0.9920306965761512,0.003180459274385235,0.9614361229743207,0.9496440547995377,0.9668819314891328,0.004997066850308723,0.99998779631186,0.9999543099656386,0.9999984211358783,1.4635215528775252e-05,0.9745034219174926,0.9726062467997952,0.9767025089605734,0.0012595214076708975,0.9987655582383546,0.9981795943908752,0.9992320163836504,0.0003034834666461639,0.5127744005403579,0.48148148148148145,0.5691489361702128,0.026365592414385193,0.9744362333687361,0.9622195985832349,0.9840613931523022,0.006364318733571802,0.9258251446898651,0.8818181818181818,0.9791666666666666,0.031177098118982723,0.9999398677089598,0.9993986770895971,1.0,0.00018039687312088049,82.31490635871887,91.38067674636841,2.8554340992513265,15.10228419303894,19.641389846801758,1.4821707300495097,0
"XGBClassifier(base_score=None, booster=None, callbacks=None,
              colsample_bylevel=None, colsample_bynode=None,
              colsample_bytree=None, early_stopping_rounds=None,
              enable_categorical=False, eval_metric=None, gamma=None,
              gpu_id=None, grow_policy=None, importance_type=None,
              interaction_constraints=None, learning_rate=None, max_bin=None,
              max_cat_to_onehot=None, max_delta_step=None, max_depth=None,
              max_leaves=None, min_child_weight=None, missing=nan,
              monotone_constraints=None, n_estimators=100, n_jobs=10,
              num_parallel_tree=None, predictor=None, random_state=7742,
              reg_alpha=None, reg_lambda=None, ...)",knn100,83.60198063850403,16.602148056030273,0.6474943779684829,0.627177700348432,0.6756756756756757,0.015022715493055314,0.9849214059312932,0.9782870928829915,0.9892601431980906,0.002747706375684865,0.7472308961828433,0.7370193908655447,0.7648815995788172,0.009878354702115023,0.9851796915295541,0.9787485242030697,0.9893742621015349,0.0026531636975891722,0.961546472721631,0.9527972027972028,0.968380622226776,0.005316345418959311,0.9999914057130728,0.999981442285791,0.9999961697693771,4.361915100515722e-06,0.9739914088056792,0.9726132582544151,0.9754287176862042,0.000818797715168981,0.9985692998846682,0.9979521019398145,0.9989760509699073,0.00025631654909807607,0.49629066756726337,0.47619047619047616,0.5319148936170213,0.020144102981216824,0.9703623713450271,0.9574970484061394,0.9787485242030697,0.005305723436098191,0.9330983645675612,0.8918918918918919,0.9574468085106383,0.021629259862162957,0.9999391357273281,0.9993913572732805,1.0,0.0001825928180158365,78.15397882461548,87.48919582366943,3.2238040661111165,15.165567636489868,18.287114143371582,1.0640688304705033,0
"LGBMClassifier(n_jobs=10, random_state=7742)",knn150,78.92068524360657,16.942939949035644,0.6404308285432905,0.5857142857142857,0.6802721088435373,0.029165423343734422,0.861836984265004,0.8557951482479784,0.8688688688688688,0.003993687305683917,0.7408876538124034,0.7157208887978119,0.7651505613862406,0.014687524272799662,0.8790569726729427,0.8747926545885818,0.884282578785055,0.003026274046438279,0.9596456888012362,0.9497298936742471,0.968663814817661,0.006227471576484336,0.9987985906687395,0.998434395728367,0.9990847712856982,0.00018821538359770906,0.973914590784642,0.9703097005374968,0.9759344598054276,0.0017899919821428858,0.9882898740570653,0.9878263837533421,0.9888215718064681,0.00029986863745531353,0.48301249577845323,0.43386243386243384,0.5319148936170213,0.02907849086824683,0.7581766995287911,0.7497048406139315,0.768595041322314,0.006045599090139348,0.9517299019380256,0.9010989010989011,0.979381443298969,0.02637716137345276,0.9983670609457056,0.9968602825745683,0.9992325402916347,0.0010692669081201307,74.95805382728577,85.19882345199585,3.3806729613788367,14.608797311782837,19.22028660774231,1.491913474889892,0
"XGBClassifier(base_score=None, booster=None, callbacks=None,
              colsample_bylevel=None, colsample_bynode=None,
              colsample_bytree=None, early_stopping_rounds=None,
              enable_categorical=False, eval_metric=None, gamma=None,
              gpu_id=None, grow_policy=None, importance_type=None,
              interaction_constraints=None, learning_rate=None, max_bin=None,
              max_cat_to_onehot=None, max_delta_step=None, max_depth=None,
              max_leaves=None, min_child_weight=None, missing=nan,
              monotone_constraints=None, n_estimators=100, n_jobs=10,
              num_parallel_tree=None, predictor=None, random_state=7742,
              reg_alpha=None, reg_lambda=None, ...)",knn40,81.39758179187774,15.545752215385438,0.6319712377199442,0.5907473309608541,0.6666666666666667,0.024616418149033984,0.9831510444566185,0.9791980705456738,0.9901639344262295,0.003079381716115677,0.7403794552070161,0.719399871813947,0.7643436759639706,0.01376622581504792,0.9834392745738931,0.9796219728292971,0.9902597402597403,0.0029873659353216553,0.9569565878228813,0.9405394114886749,0.9635499525024893,0.006873481244068177,0.9999808113038634,0.9999349068769667,0.9999945491124613,1.5921485146852357e-05,0.9729418857877292,0.9705581157194061,0.9746608651138982,0.001456460042004333,0.9984043253027297,0.9980373752026623,0.9990613800557483,0.0002876855799901234,0.4830181245074862,0.44148936170212766,0.5319148936170213,0.027615244489307095,0.966878549147786,0.9592439456585942,0.9805194805194806,0.005974731870643308,0.9160614542933743,0.87,0.9587628865979382,0.02589249739436693,1.0,1.0,1.0,0.0,73.52076411247253,87.8608124256134,4.377954649020332,12.688660860061646,18.438612699508667,2.168753222155024,0
"LGBMClassifier(n_jobs=10, random_state=7742)",knn100,78.24375905990601,16.819655966758727,0.6315616464098379,0.5899280575539569,0.671280276816609,0.024795340070559124,0.8583555574989037,0.8549257759784076,0.8645031783205086,0.0031772980373792306,0.7365544749499573,0.7170092591532853,0.7574407997894086,0.01174049909039253,0.8764533667710446,0.8739221178599723,0.8813011025116844,0.0023979799583875886,0.9602588245041472,0.9514397029629333,0.9664817813070317,0.00437584637153091,0.998757700886614,0.9984521632083508,0.999034428866369,0.0002009696178481286,0.9733514792400003,0.9708141321044547,0.9759344598054276,0.0015873034111038543,0.9880281931778404,0.9877694976961147,0.9884805734114569,0.00023777882773498354,0.4745074862096138,0.43617021276595747,0.5159574468085106,0.02304145444322691,0.7529814410472736,0.7479338842975206,0.7626918536009445,0.004790690391161864,0.9446767152149693,0.9111111111111111,0.9895833333333334,0.023772091863084915,0.9980434928702835,0.9968578161822467,0.9992223950233281,0.0008759486325331163,73.66192960739136,84.32425260543823,3.19967869436154,15.169372320175171,18.63514471054077,1.2023732534619507,0
"XGBClassifier(base_score=None, booster=None, callbacks=None,
              colsample_bylevel=None, colsample_bynode=None,
              colsample_bytree=None, early_stopping_rounds=None,
              enable_categorical=False, eval_metric=None, gamma=None,
              gpu_id=None, grow_policy=None, importance_type=None,
              interaction_constraints=None, learning_rate=None, max_bin=None,
              max_cat_to_onehot=None, max_delta_step=None, max_depth=None,
              max_leaves=None, min_child_weight=None, missing=nan,
              monotone_constraints=None, n_estimators=100, n_jobs=10,
              num_parallel_tree=None, predictor=None, random_state=7742,
              reg_alpha=None, reg_lambda=None, ...)",knn30,81.75370004177094,15.68749144077301,0.6311656335867785,0.574468085106383,0.6845637583892618,0.03508580288124821,0.984315151570866,0.9798131967460079,0.9883547327560466,0.0024273878051430924,0.7391600779086096,0.7105643644105182,0.7702007485149874,0.01772732043149917,0.9846170806945361,0.9802126402835204,0.9884887839433294,0.002329440984475355,0.9579724140926011,0.9403591498517849,0.9680207445378248,0.0069841539522002265,0.9999844314689754,0.9999246048759229,0.999994951861944,2.0170609550016685e-05,0.9730186513866756,0.9692780337941628,0.9759344598054276,0.0021544694984773744,0.9985124114003542,0.9980942628779474,0.9988907218840662,0.00022650368831817575,0.48036417876843407,0.42328042328042326,0.5425531914893617,0.03508151157966278,0.9692401380502116,0.9604252805670408,0.9769775678866588,0.004656675489579386,0.9221104443579511,0.8617021276595744,0.9690721649484536,0.031060232048077823,0.9998780471481623,0.9993880048959608,1.0,0.0002439077440737478,75.98540234565735,89.16449165344238,3.808424228796862,13.327135801315308,18.853511571884155,1.6792208926611591,0
"XGBClassifier(base_score=None, booster=None, callbacks=None,
              colsample_bylevel=None, colsample_bynode=None,
              colsample_bytree=None, early_stopping_rounds=None,
              enable_categorical=False, eval_metric=None, gamma=None,
              gpu_id=None, grow_policy=None, importance_type=None,
              interaction_constraints=None, learning_rate=None, max_bin=None,
              max_cat_to_onehot=None, max_delta_step=None, max_depth=None,
              max_leaves=None, min_child_weight=None, missing=nan,
              monotone_constraints=None, n_estimators=100, n_jobs=10,
              num_parallel_tree=None, predictor=None, random_state=7742,
              reg_alpha=None, reg_lambda=None, ...)",knn20,82.19031555652619,15.884305739402771,0.6239280493419417,0.60431654676259,0.6802721088435373,0.02096884324496021,0.9821758203345372,0.9782870928829915,0.9868421052631577,0.0029426957962545683,0.734919617648353,0.7204757190436405,0.7651505613862406,0.012222470270977384,0.982523448830085,0.9787485242030697,0.9872857083046036,0.002886832425328278,0.9548217457706688,0.944550948233436,0.9614443942263134,0.004548789708616835,0.999979382156343,0.9999432226349064,0.999991417939199,1.4516242620212078e-05,0.972634692336716,0.9715894548246736,0.9759344598054276,0.0012022730696099955,0.9983133092292238,0.9979520436897347,0.9987484711437267,0.00027401939550614527,0.4718563548350783,0.44148936170212766,0.5319148936170213,0.024660617548179033,0.9650498859460896,0.9574970484061394,0.9746012994683992,0.005778599324066889,0.9231495490742434,0.883495145631068,0.9764705882352941,0.02628717573973509,0.9999394306480921,0.9993943064809206,1.0,0.00018170805572380598,74.98430299758911,87.55562424659729,3.8762446592699185,12.935208320617676,18.6702663898468,2.193272718967363,0
"LGBMClassifier(n_jobs=10, random_state=7742)",knn40,77.9018224477768,16.793790912628175,0.6199237992658048,0.5661764705882353,0.6666666666666666,0.02910634193086472,0.8520537982015484,0.8451854372235454,0.8576248313090419,0.00377070730277535,0.7299719993976035,0.7038458677165715,0.7571718379819853,0.015372698142593129,0.871476847433796,0.8665431332082605,0.8753691671588896,0.002808290754978424,0.9592755442245983,0.9509716960617125,0.9655299692124569,0.0050876993998083785,0.9986762794882239,0.9985406792151625,0.9989822706567338,0.0001227215039455425,0.9728138907007274,0.9697900665642601,0.9751664106502816,0.001625535378145406,0.9875702558865982,0.9870584219807725,0.9879967005148335,0.00027980965813869405,0.4612349431498367,0.4095744680851064,0.5159574468085106,0.030674595881315055,0.7430044959068209,0.7331759149940968,0.7507383343177791,0.005610767452204811,0.9475785421052784,0.9166666666666666,0.9882352941176471,0.019611721008841326,0.9986510694142317,0.996852871754524,1.0,0.001064228331557984,71.83635902404785,84.70674586296082,4.214364617234152,15.181250810623169,18.87899875640869,1.244328170883851,0
"LGBMClassifier(n_jobs=10, random_state=7742)",knn30,78.41665124893188,17.18955202102661,0.6192983099934912,0.5427509293680297,0.6596491228070175,0.03333130781345983,0.8475744874801105,0.8385327391155297,0.8566610455311973,0.005084577728597655,0.7294782309106944,0.6921803267957114,0.749596557288865,0.016876893100051887,0.868055481252296,0.8609799291617474,0.8748374788773698,0.003857797927752744,0.9576524830652626,0.9524309569317753,0.9641683103221563,0.004784848699543888,0.9985363119344652,0.9981284756905234,0.9989471319652463,0.00023711175914410126,0.9728139103590113,0.9685180445354492,0.9751664106502816,0.0018758626267928338,0.9872459998590056,0.9866029524703473,0.9879117128391831,0.0003683070072535323,0.46019362827873467,0.3862433862433862,0.5,0.03358344562054287,0.7361557869719821,0.7219598583234947,0.7497048406139315,0.007721363069410596,0.9492978436597023,0.9125,0.9882352941176471,0.022399844882070724,0.9988007128964502,0.9968,1.0,0.0008200087455725113,73.77944135665894,85.17649626731873,3.1637702972310704,14.99592137336731,19.16718626022339,1.3378408270451816,0
"LGBMClassifier(n_jobs=10, random_state=7742)",knn20,78.73602607250214,16.51137979030609,0.5922257291890682,0.5223880597014925,0.6341463414634145,0.029446810981460663,0.8383535269408136,0.8352779684282774,0.8418175606422958,0.0019340899387702802,0.7162990252194064,0.6839748570517801,0.7409454293660513,0.014581144220022985,0.8612850005160935,0.8591641485565485,0.8636214222067677,0.00139073032839171,0.9549775007315994,0.9442920009613954,0.9625844241228856,0.005260173934066168,0.9982960003201015,0.9976763166310143,0.998719852887425,0.00030210515288959264,0.971252380782009,0.9672382902482723,0.9731182795698925,0.0016458644508940729,0.9865747383969088,0.9863473462654303,0.9868308777518631,0.00014272299476712698,0.4341579421366655,0.37037037037037035,0.48404255319148937,0.029040157012824835,0.7226357436796141,0.718417945690673,0.7272727272727273,0.0027786316243247383,0.9337220326638407,0.8860759493670886,0.9770114942528736,0.025439865212546087,0.998206783525481,0.9959415584415584,1.0,0.0010794825701034951,72.28358888626099,86.15200114250183,4.174803399359123,14.183481454849243,17.63513994216919,0.9733343498152754,0
"XGBClassifier(base_score=None, booster=None, callbacks=None,
              colsample_bylevel=None, colsample_bynode=None,
              colsample_bytree=None, early_stopping_rounds=None,
              enable_categorical=False, eval_metric=None, gamma=None,
              gpu_id=None, grow_policy=None, importance_type=None,
              interaction_constraints=None, learning_rate=None, max_bin=None,
              max_cat_to_onehot=None, max_delta_step=None, max_depth=None,
              max_leaves=None, min_child_weight=None, missing=nan,
              monotone_constraints=None, n_estimators=100, n_jobs=10,
              num_parallel_tree=None, predictor=None, random_state=7742,
              reg_alpha=None, reg_lambda=None, ...)",knn5,81.41326024532319,15.843850898742676,0.5593517501421358,0.5168539325842696,0.6035087719298246,0.02115114030418343,0.9776568890853221,0.9733333333333333,0.984716811507342,0.003303077306398638,0.7027858006690442,0.6813293544062775,0.7272441143144908,0.012111179272753849,0.9781554334083464,0.974025974025974,0.9849468713105076,0.003169408783347717,0.9463244310766836,0.9258194751238943,0.957419633509351,0.009153270883072261,0.99996261848,0.9998877760078307,0.99999499012278,3.0082803424019114e-05,0.9690764380919357,0.966982339390837,0.9710701484895033,0.0009951141660376607,0.9978951916117206,0.9974970134819956,0.9985494055407019,0.0003052855895269991,0.4080997410784645,0.36507936507936506,0.4574468085106383,0.024685199158979113,0.956310866816693,0.948051948051948,0.9698937426210154,0.006338817566695472,0.8925109362453302,0.8478260869565217,0.9367088607594937,0.02714584769745503,1.0,1.0,1.0,0.0,76.3322217464447,86.04373383522034,3.012703659600026,13.291678190231323,17.785735845565796,1.605930718310739,0
"LGBMClassifier(n_jobs=10, random_state=7742)",knn5,77.72241699695587,16.35353033542633,0.5424599581740088,0.4961832061068702,0.6102941176470589,0.03245119453780399,0.8079803124986695,0.8018335684062058,0.8143754361479415,0.004016540433223258,0.6910683998147895,0.6695403614388884,0.7206102361078532,0.014274137617324252,0.8395142145624066,0.8355215148118784,0.8443762963939327,0.002829099563479866,0.9476925843981778,0.9255018712874687,0.9636384180144514,0.009766841026720732,0.9976777735767784,0.9972740602221467,0.9983422686728003,0.0002953791727912732,0.9688715660090447,0.9662144868185308,0.9728692091118505,0.0018717163141471608,0.9844500193222796,0.9840150179191081,0.9848683087775186,0.00027460632869398077,0.38364291343014745,0.3404255319148936,0.44148936170212766,0.028127635883415193,0.6791240548100345,0.6711924439197167,0.6889020070838253,0.005658952746402254,0.9279579608698768,0.8658536585365854,0.9880952380952381,0.0379520691971442,0.9972269604857704,0.9956217162872154,0.999140154772141,0.001076907567663722,72.44142270088196,85.24875783920288,4.145994481759191,13.399253606796265,19.07363986968994,1.7368252597626053,0
"LGBMClassifier(n_jobs=10, random_state=7742)",drop,0.4260823726654053,0.01771683692932129,0.524709051039565,0.3999999999999999,0.6333333333333333,0.07263263660473118,0.9998577524893314,0.9985775248933144,1.0,0.000426742532005675,0.6850792221091397,0.6279210372960373,0.7430212387574525,0.03509187173493086,0.9998579545454545,0.9985795454545454,1.0,0.00042613636363637576,0.9636037913905311,0.9444906050932202,0.9828573927493768,0.010642998187112214,0.9999999910279526,0.9999999102795258,1.0,2.6916142248367696e-08,0.985597640760749,0.9833240689271817,0.9877641824249166,0.001560837009116178,0.999993821057835,0.999938210578349,1.0,1.853682649530786e-05,0.3708974358974359,0.2564102564102564,0.48717948717948717,0.07020222971672063,0.999715909090909,0.9971590909090909,1.0,0.0008522727272727182,0.9178232513100933,0.8125,1.0,0.04788245754127354,1.0,1.0,1.0,0.0,0.2610287666320801,0.539250373840332,0.12285363423073485,0.009061336517333984,0.02628302574157715,0.0072330830426207485,21081
"RandomForestClassifier(n_jobs=10, random_state=7742)",mean,6.185696911811829,0.711288595199585,0.5120762475580494,0.4126984126984127,0.5928571428571429,0.05087932828279995,0.9997046837018362,0.9994093325457768,1.0,0.00018678546091115808,0.6813483171666357,0.6360868476253092,0.7195343527176588,0.023988570347560374,0.999704805745723,0.999409681227863,1.0,0.00018667519957643375,0.9322276485480302,0.9218100843510009,0.9469129479358611,0.009526640197863872,1.0,1.0,1.0,0.0,0.9666446428358466,0.9621192730995649,0.9708141321044547,0.002495700655053273,0.9999715567286778,0.9999431139427726,1.0,1.798895079835447e-05,0.3656281661600811,0.2751322751322751,0.44148936170212766,0.04792000743288728,0.9994096114914457,0.9988193624557261,1.0,0.0003733503991528324,0.8621765779885309,0.8125,0.9135802469135802,0.03428624971941937,1.0,1.0,1.0,0.0,3.6868300437927246,7.236704587936401,1.2651081561617536,0.10978031158447266,1.771366834640503,0.6371674953863256,0
"XGBClassifier(base_score=None, booster=None, callbacks=None,
              colsample_bylevel=None, colsample_bynode=None,
              colsample_bytree=None, early_stopping_rounds=None,
              enable_categorical=False, eval_metric=None, gamma=None,
              gpu_id=None, grow_policy=None, importance_type=None,
              interaction_constraints=None, learning_rate=None, max_bin=None,
              max_cat_to_onehot=None, max_delta_step=None, max_depth=None,
              max_leaves=None, min_child_weight=None, missing=nan,
              monotone_constraints=None, n_estimators=100, n_jobs=10,
              num_parallel_tree=None, predictor=None, random_state=7742,
              reg_alpha=None, reg_lambda=None, ...)",drop,4.786040592193603,0.014268064498901367,0.5041028249964328,0.392156862745098,0.6071428571428571,0.060007870436633325,1.0,1.0,1.0,0.0,0.6772163791178502,0.6276369463869464,0.717948717948718,0.027736131669281242,1.0,1.0,1.0,0.0,0.9640183253358352,0.9415314645559103,0.9790090523461757,0.01179356773502074,1.0,1.0,1.0,0.0,0.9849303561921993,0.9827682045580878,0.9877641824249166,0.0012772766179717516,1.0,1.0,1.0,0.0,0.3555128205128205,0.2564102564102564,0.4358974358974359,0.05555307358032414,1.0,1.0,1.0,0.0,0.8819669365721996,0.8,1.0,0.059386825611358406,1.0,1.0,1.0,0.0,4.073088884353638,5.223664283752441,0.5039072714292411,0.0,0.017671823501586914,0.004794970110002057,21081
"RandomForestClassifier(n_jobs=10, random_state=7742)",median,4.989774107933044,0.25976080894470216,0.42776275093791877,0.3591836734693877,0.48854961832061067,0.03311206732875471,0.9996160225050973,0.9991137370753324,1.0,0.0002658827831178683,0.6425763805069667,0.6147883455575763,0.6688679569203301,0.013780530166032291,0.999616240495798,0.9991145218417945,1.0,0.0002656647784109446,0.9241909350934879,0.9077558883936999,0.9401724502992914,0.009824774587120012,1.0,1.0,1.0,0.0,0.9629582952126443,0.9598157153826465,0.9656938044034818,0.0016174991142740933,0.9999630236582877,0.999914670914159,1.0,2.5598770704079872e-05,0.2880305077113588,0.2328042328042328,0.3404255319148936,0.02744278469946869,0.9992324809915962,0.9982290436835891,1.0,0.0005313295568218424,0.8350409698433803,0.7857142857142857,0.9032258064516129,0.0378567875101234,1.0,1.0,1.0,0.0,3.5715060234069824,5.4805824756622314,0.5652625003091227,0.07852029800415039,1.1783795356750488,0.33364347764243896,0
"RandomForestClassifier(n_jobs=10, random_state=7742)",knn150,81.97392671108246,16.235011792182924,0.2752612058176166,0.2445414847161572,0.30379746835443033,0.021268943213239383,0.9995864629477398,0.9991137370753324,1.0,0.00027078068279250703,0.5833976270259362,0.5725947841332457,0.593996429102812,0.007666168681754542,0.9995867071230868,0.9991145218417945,1.0,0.00027056373104545825,0.9168712282028573,0.9093985457083522,0.9276608617049882,0.006209646424488697,1.0,1.0,1.0,0.0,0.9569169113795384,0.9554645508062451,0.9582693292370712,0.0008990612136373652,0.9999601791936208,0.999914670914159,1.0,2.6068748803152488e-05,0.17004953281549023,0.14814814814814814,0.19148936170212766,0.015403306762965613,0.9991734142461738,0.9982290436835891,1.0,0.000541127462090868,0.7262159706270703,0.6666666666666666,0.7777777777777778,0.035801255992359775,1.0,1.0,1.0,0.0,77.0154960155487,88.66431260108948,4.210874381434734,14.388648986816406,18.798409461975098,1.6758222912779193,0
"RandomForestClassifier(n_jobs=10, random_state=7742)",knn100,81.51073405742645,16.760669350624084,0.27244492932262143,0.23318385650224216,0.3223140495867768,0.029970718120185133,0.9996751241547918,0.9991137370753324,1.0,0.0002453846013615873,0.5825806706340064,0.5679389334813179,0.601706190699644,0.011111412187758506,0.999675289807116,0.9991145218417945,1.0,0.00024517361221091386,0.9156067960450942,0.9069641185025801,0.927928965469882,0.00678125975021819,1.0,1.0,1.0,0.0,0.9568144786144736,0.9554645508062451,0.958024059380599,0.0008636512086669644,0.9999687123449134,0.999914670914159,1.0,2.3626515066647696e-05,0.16844253067657322,0.13829787234042554,0.2074468085106383,0.022599678094557703,0.9993505796142321,0.9982290436835891,1.0,0.0004903472244217902,0.7229228006672841,0.6744186046511628,0.7647058823529411,0.027689699831518574,1.0,1.0,1.0,0.0,77.05410099029541,84.0931715965271,2.247462172294724,14.500361204147339,19.17727756500244,1.3884251866982018,0
"RandomForestClassifier(n_jobs=10, random_state=7742)",knn40,81.8483513355255,15.962597274780274,0.22947754981204155,0.17592592592592593,0.27192982456140347,0.027966195590834735,0.9995272914017816,0.9988172678888232,1.0,0.0003785390518320289,0.5674676965143293,0.5493215867602119,0.5812364803772332,0.009390121473675486,0.9995276578117688,0.9988186650915535,1.0,0.00037811100593109886,0.9127050785491274,0.9026444096002197,0.9273216554313117,0.0077775759351014296,1.0,0.9999999999999999,1.0,3.510833468576701e-17,0.9554065457629779,0.9536728948041976,0.9575012800819253,0.0011480852534573886,0.999954490506995,0.9998862246494297,1.0,3.642543039562498e-05,0.1381627828436339,0.10106382978723404,0.16489361702127658,0.01880757833007778,0.9990553156235377,0.997637330183107,1.0,0.00075622201186217,0.6851560578174716,0.6052631578947368,0.78125,0.05549209645628028,1.0,1.0,1.0,0.0,76.9513213634491,86.88661456108093,3.614673227543017,13.772435188293457,18.826970100402832,1.6866378931512802,0
"RandomForestClassifier(n_jobs=10, random_state=7742)",knn30,79.55112903118133,15.866952085494995,0.21239093271817136,0.1767441860465116,0.2543859649122807,0.02157534757071667,0.999556833556033,0.9985220218740762,1.0,0.0004433294535120959,0.5617870571646445,0.5494560676639236,0.5756483696336396,0.007158050803057965,0.9995572260526886,0.9985242030696576,1.0,0.0004427274617062317,0.9125496612447632,0.9037252640976046,0.9252107344374121,0.00729041426700081,1.0,1.0,1.0,0.0,0.9546897523069326,0.9531609930893269,0.9564772145417306,0.0009640507700682273,0.9999573348907592,0.9998577808117871,1.0,4.266543285998101e-05,0.12698975571315993,0.10106382978723404,0.15425531914893617,0.014320651520487048,0.9991144521053774,0.9970484061393152,1.0,0.0008854549234124446,0.6548231568172291,0.5789473684210527,0.725,0.05193711505922759,1.0,1.0,1.0,0.0,72.50044345855713,83.45359444618225,3.3748288727419617,13.290664672851562,18.232273817062378,1.7718893369422106,0
"RandomForestClassifier(n_jobs=10, random_state=7742)",knn20,80.3507069826126,15.608213138580322,0.20962316284630797,0.17431192660550457,0.2672413793103448,0.02640623786865054,0.9995864105939123,0.9988179669030733,1.0,0.0003784052626475096,0.5608257962554077,0.5490526249527886,0.5806985567623866,0.008996616202287649,0.9995867245571912,0.9988193624557261,1.0,0.00037799935109388797,0.9092289748697862,0.8983381593856224,0.920857632396094,0.008628391345175013,1.0,1.0,1.0,0.0,0.9547665637752083,0.9534169439467622,0.9564772145417306,0.000847951245016316,0.9999601792745235,0.9998862278855453,1.0,3.642495026532649e-05,0.12487898232579084,0.10106382978723404,0.16489361702127658,0.018227341243070266,0.9991734491143823,0.9976387249114522,1.0,0.0007559987021877517,0.6619589487103928,0.5945945945945946,0.71875,0.0358745510397378,1.0,1.0,1.0,0.0,75.23062658309937,85.53809976577759,3.030400798580696,13.19915223121643,18.56611943244934,1.9256720567405994,0
"RandomForestClassifier(n_jobs=10, random_state=7742)",knn5,80.93743896484375,16.32849109172821,0.1532964005857766,0.09389671361502347,0.19730941704035873,0.03405866631034135,0.9995273961920137,0.9988179669030733,0.9997047534691467,0.0003013981315190075,0.5428607564717243,0.524572293803063,0.5567628566361353,0.01060732003550806,0.9995277101140818,0.9988193624557261,0.9997048406139315,0.00030098418656134685,0.8966681919855019,0.8788319904318267,0.9191221902478932,0.012601086859606595,1.0,0.9999999999999999,1.0,3.510833468576701e-17,0.9527441981523571,0.9506014845149732,0.9541847965190683,0.0010385938396423457,0.9999544905878978,0.9998862246494297,0.9999715569713863,2.900693038279678e-05,0.08927164246313182,0.05291005291005291,0.11702127659574468,0.021351098083165976,0.9990554202281636,0.9976387249114522,0.999409681227863,0.0006019683731226741,0.5538105811812708,0.4166666666666667,0.6333333333333333,0.06622504056836324,1.0,1.0,1.0,0.0,76.37739634513855,87.06850695610046,4.270096027362581,14.325066089630127,18.444669246673584,1.5245963682874113,0
"RandomForestClassifier(n_jobs=10, random_state=7742)",drop,1.3944005250930787,0.07671809196472168,0.07252029148493919,0.0,0.125,0.03452147727857989,0.9998577524893314,0.9985775248933144,1.0,0.000426742532005675,0.5196564695253582,0.4991472427515634,0.5367560239646653,0.010129000356565469,0.9998579545454545,0.9985795454545454,1.0,0.00042613636363637576,0.9100495747974785,0.8751621696476728,0.9552484657658052,0.02488658329526476,1.0,0.9999999999999999,1.0000000000000002,7.850462293418876e-17,0.9775342994284923,0.9760978321289605,0.9794330183435241,0.0009702701114880345,0.9999938214396046,0.9999382143960457,1.0,1.853568118629356e-05,0.04096153846153846,0.0,0.07692307692307693,0.020561740544698105,0.999715909090909,0.9971590909090909,1.0,0.0008522727272727182,0.3952380952380953,0.0,1.0,0.24530050061283412,1.0,1.0,1.0,0.0,1.1981914043426514,1.8141157627105713,0.17750840098198992,0.04506945610046387,0.12277746200561523,0.02479353223515458,21081
DummyClassifier(strategy='most_frequent'),knn100,82.0283005475998,17.515027546882628,0.0,0.0,0.0,0.0,0.0,0.0,0.0,0.0,0.5,0.5,0.5,0.0,0.5,0.5,0.5,0.0,0.5,0.5,0.5,0.0,0.5,0.5,0.5,0.0,0.9518226571158858,0.9516252879447146,0.95188123880215,9.879985730427317e-05,0.9518226500979686,0.9518161390334784,0.951844582871121,1.0979224608019032e-05,0.0,0.0,0.0,0.0,0.0,0.0,0.0,0.0,0.0,0.0,0.0,0.0,0.0,0.0,0.0,0.0,78.85301542282104,87.23843312263489,2.8069932635615773,15.645609140396118,18.829709768295288,0.8865893183101915,0
DummyClassifier(strategy='most_frequent'),knn150,80.61129689216614,18.473587322235108,0.0,0.0,0.0,0.0,0.0,0.0,0.0,0.0,0.5,0.5,0.5,0.0,0.5,0.5,0.5,0.0,0.5,0.5,0.5,0.0,0.5,0.5,0.5,0.0,0.9518226571158858,0.9516252879447146,0.95188123880215,9.879985730427317e-05,0.9518226500979686,0.9518161390334784,0.951844582871121,1.0979224608019032e-05,0.0,0.0,0.0,0.0,0.0,0.0,0.0,0.0,0.0,0.0,0.0,0.0,0.0,0.0,0.0,0.0,75.02475380897522,88.7022442817688,4.389902855171499,16.43923854827881,20.58273482322693,1.4151465181999718,0
DummyClassifier(strategy='most_frequent'),knn40,76.69920763969421,16.91009929180145,0.0,0.0,0.0,0.0,0.0,0.0,0.0,0.0,0.5,0.5,0.5,0.0,0.5,0.5,0.5,0.0,0.5,0.5,0.5,0.0,0.5,0.5,0.5,0.0,0.9518226571158858,0.9516252879447146,0.95188123880215,9.879985730427317e-05,0.9518226500979686,0.9518161390334784,0.951844582871121,1.0979224608019032e-05,0.0,0.0,0.0,0.0,0.0,0.0,0.0,0.0,0.0,0.0,0.0,0.0,0.0,0.0,0.0,0.0,72.72763061523438,81.12928938865662,2.8730746749580636,14.695399761199951,18.687874794006348,1.2957172027329322,0
DummyClassifier(strategy='most_frequent'),knn30,78.91203563213348,17.26055269241333,0.0,0.0,0.0,0.0,0.0,0.0,0.0,0.0,0.5,0.5,0.5,0.0,0.5,0.5,0.5,0.0,0.5,0.5,0.5,0.0,0.5,0.5,0.5,0.0,0.9518226571158858,0.9516252879447146,0.95188123880215,9.879985730427317e-05,0.9518226500979686,0.9518161390334784,0.951844582871121,1.0979224608019032e-05,0.0,0.0,0.0,0.0,0.0,0.0,0.0,0.0,0.0,0.0,0.0,0.0,0.0,0.0,0.0,0.0,74.59513878822327,85.41896963119507,3.3618294935019226,16.03021550178528,18.627277135849,0.9984649851704113,0
DummyClassifier(strategy='most_frequent'),mean,0.07100293636322022,0.02688620090484619,0.0,0.0,0.0,0.0,0.0,0.0,0.0,0.0,0.5,0.5,0.5,0.0,0.5,0.5,0.5,0.0,0.5,0.5,0.5,0.0,0.5,0.5,0.5,0.0,0.9518226571158858,0.9516252879447146,0.95188123880215,9.879985730427317e-05,0.9518226500979686,0.9518161390334784,0.951844582871121,1.0979224608019032e-05,0.0,0.0,0.0,0.0,0.0,0.0,0.0,0.0,0.0,0.0,0.0,0.0,0.0,0.0,0.0,0.0,0.06250882148742676,0.08813905715942383,0.008939630523337605,0.012447118759155273,0.06250429153442383,0.01570021565014351,0
DummyClassifier(strategy='most_frequent'),knn20,79.09031319618225,17.194216108322145,0.0,0.0,0.0,0.0,0.0,0.0,0.0,0.0,0.5,0.5,0.5,0.0,0.5,0.5,0.5,0.0,0.5,0.5,0.5,0.0,0.5,0.5,0.5,0.0,0.9518226571158858,0.9516252879447146,0.95188123880215,9.879985730427317e-05,0.9518226500979686,0.9518161390334784,0.951844582871121,1.0979224608019032e-05,0.0,0.0,0.0,0.0,0.0,0.0,0.0,0.0,0.0,0.0,0.0,0.0,0.0,0.0,0.0,0.0,74.70145297050476,85.05422401428223,3.593671527719651,14.692048072814941,18.596387147903442,1.3087523722913441,0
DummyClassifier(strategy='most_frequent'),median,0.3017669916152954,0.014137339591979981,0.0,0.0,0.0,0.0,0.0,0.0,0.0,0.0,0.5,0.5,0.5,0.0,0.5,0.5,0.5,0.0,0.5,0.5,0.5,0.0,0.5,0.5,0.5,0.0,0.9518226571158858,0.9516252879447146,0.95188123880215,9.879985730427317e-05,0.9518226500979686,0.9518161390334784,0.951844582871121,1.0979224608019032e-05,0.0,0.0,0.0,0.0,0.0,0.0,0.0,0.0,0.0,0.0,0.0,0.0,0.0,0.0,0.0,0.0,0.2784905433654785,0.31812191009521484,0.01561352413125341,0.0,0.029620647430419922,0.00776813465561833,0
DummyClassifier(strategy='most_frequent'),knn5,77.11804659366608,16.448861908912658,0.0,0.0,0.0,0.0,0.0,0.0,0.0,0.0,0.5,0.5,0.5,0.0,0.5,0.5,0.5,0.0,0.5,0.5,0.5,0.0,0.5,0.5,0.5,0.0,0.9518226571158858,0.9516252879447146,0.95188123880215,9.879985730427317e-05,0.9518226500979686,0.9518161390334784,0.951844582871121,1.0979224608019032e-05,0.0,0.0,0.0,0.0,0.0,0.0,0.0,0.0,0.0,0.0,0.0,0.0,0.0,0.0,0.0,0.0,71.98938012123108,83.28895258903503,4.577471335475661,14.75264596939087,18.797693252563477,1.1727282581359784,0
DummyClassifier(strategy='most_frequent'),drop,0.007001113891601562,0.005001497268676758,0.0,0.0,0.0,0.0,0.0,0.0,0.0,0.0,0.5,0.5,0.5,0.0,0.5,0.5,0.5,0.0,0.5,0.5,0.5,0.0,0.5,0.5,0.5,0.0,0.9782572631810652,0.9777654252362423,0.9783212896053363,0.00016401493425549762,0.978257243201484,0.9782501235788433,0.9783119130004944,1.8230972277752436e-05,0.0,0.0,0.0,0.0,0.0,0.0,0.0,0.0,0.0,0.0,0.0,0.0,0.0,0.0,0.0,0.0,0.0060007572174072266,0.009001493453979492,0.0008945756230872868,0.004001140594482422,0.0070018768310546875,0.0010002136435061351,21081
